<beans xmlns="http://www.springframework.org/schema/beans"
       xmlns:xsi="http://www.w3.org/2001/XMLSchema-instance"
       xmlns:context="http://www.springframework.org/schema/context"
       xsi:schemaLocation="http://www.springframework.org/schema/beans
                           http://www.springframework.org/schema/beans/spring-beans-4.2.xsd
                           http://www.springframework.org/schema/context
                           http://www.springframework.org/schema/context/spring-context-4.2.xsd">

  <!-- 启用属性占位符 -->
  <context:property-placeholder properties-ref="yamlProperties"/>

  <!-- 加载 YAML 文件 -->
  <bean id="yamlProperties" class="org.springframework.beans.factory.config.YamlPropertiesFactoryBean">
    <property name="resources" value="classpath:application.yml"/>
  </bean>

  <!-- 数据源配置 -->
  <bean id="dataSource" class="com.alibaba.druid.pool.DruidDataSource" init-method="init" destroy-method="close">
    <property name="driverClassName" value="${dataSource.driver-class-name}"/>
    <property name="url" value="${dataSource.url}"/>
    <property name="username" value="${dataSource.username}"/>
    <property name="password" value="${dataSource.password}"/>
    <property name="initialSize" value="${dataSource.initialSize}"/>
    <property name="minIdle" value="${dataSource.minIdle}"/>
    <property name="maxActive" value="${dataSource.maxActive}"/>
    <property name="maxWait" value="${dataSource.maxWait}"/>
    <property name="timeBetweenEvictionRunsMillis" value="${dataSource.timeBetweenEvictionRunsMillis}"/>
    <property name="minEvictableIdleTimeMillis" value="${dataSource.minEvictableIdleTimeMillis}"/>
    <property name="poolPreparedStatements" value="${dataSource.poolPreparedStatements}"/>
    <property name="timeBetweenLogStatsMillis" value="${dataSource.timeBetweenLogStatsMillis}"/>
    <property name="filters" value="${dataSource.filters}"/>
    <property name="connectionProperties" value="${dataSource.connectionProperties}"/>
    <property name="validationQuery" value="${dataSource.validationQuery}"/>
    <property name="testOnBorrow" value="${dataSource.testOnBorrow}"/>
    <property name="testOnReturn" value="${dataSource.testOnReturn}"/>
    <property name="testWhileIdle" value="${dataSource.testWhileIdle}"/>
    <property name="connectionErrorRetryAttempts" value="${dataSource.connectionErrorRetryAttempts}"/>
    <property name="timeBetweenConnectErrorMillis" value="${dataSource.timeBetweenConnectErrorMillis}"/>
    <property name="breakAfterAcquireFailure" value="${dataSource.breakAfterAcquireFailure}"/>
  </bean>
</beans>