<?xml version="1.0" encoding="UTF-8"?>
<!DOCTYPE mapper PUBLIC "-//mybatis.org//DTD Mapper 3.0//EN" "http://mybatis.org/dtd/mybatis-3-mapper.dtd">
<mapper namespace="com.oo.dao.DishMapper">
    
    <insert id="insert" parameterType="com.oo.pojo.domain.DishDO">
        INSERT INTO dishes (dish_name, category_id, description, price, create_by, create_time, update_by, update_time)
        VALUES (#{dishName}, #{categoryId}, #{description}, #{price}, #{createBy}, #{createTime}, #{updateBy}, #{updateTime})
    </insert>

    
    <update id="updateById" parameterType="com.oo.pojo.domain.DishDO">
        UPDATE dishes
        SET dish_name = #{dishName},
            category_id = #{categoryId},
            description = #{description},
            price = #{price},
            update_by = #{updateBy},
            update_time = #{updateTime}
        WHERE dish_id = #{dishId}
    </update>

    
    <delete id="deleteById" parameterType="int">
        DELETE FROM dishes
        WHERE dish_id = #{dishId}
    </delete>

    
    <delete id="deleteBatchByIds" parameterType="java.util.List">
        DELETE FROM dishes
        WHERE dish_id IN
        <foreach close=")" collection="dishIds" index="index" item="id" open="(" separator=",">
            #{id}
        </foreach>
    </delete>

    
    <select id="countDishes" parameterType="com.oo.pojo.query.DishQuery" resultType="java.lang.Integer">
        SELECT count(*) AS count FROM dishes WHERE 1 = 1
        <if test="dishId != null"><![CDATA[ AND dish_id = #{dishId}]]></if>
        <if test="dishName != null and dishName != ''"><![CDATA[ AND dish_name = #{dishName}]]></if>
        <if test="categoryId != null"><![CDATA[ AND category_id = #{categoryId}]]></if>
    </select>

    
    <select id="pageDishes" parameterType="map" resultType="com.oo.pojo.domain.DishDO">
        SELECT dish_id, dish_name, category_id, description, price, create_by, create_time, update_by, update_time
        FROM dishes
        WHERE 1 = 1
        <if test="dishQuery.dishId != null"><![CDATA[ AND dish_id = #{dishQuery.dishId}]]></if>
        <if test="dishQuery.dishName != null and dishQuery.dishName != ''"><![CDATA[ AND dish_name = #{dishQuery.dishName}]]></if>
        <if test="dishQuery.categoryId != null"><![CDATA[ AND category_id = #{dishQuery.categoryId}]]></if>
        LIMIT #{start},#{pageSize}
    </select>

    
    <select id="queryDishes" parameterType="com.oo.pojo.query.DishQuery" resultType="com.oo.pojo.domain.DishDO">
        SELECT dish_id, dish_name, category_id, description, price, create_by, create_time, update_by, update_time
        FROM dishes
        WHERE 1 = 1
        <if test="dishId != null"><![CDATA[ AND dish_id = #{dishId}]]></if>
        <if test="dishName != null and dishName != ''"><![CDATA[ AND dish_name = #{dishName}]]></if>
        <if test="categoryId != null"><![CDATA[ AND category_id = #{categoryId}]]></if>
    </select>
</mapper>
