<?xml version="1.0" encoding="UTF-8"?>
<!DOCTYPE mapper PUBLIC "-//mybatis.org//DTD Mapper 3.0//EN" "http://mybatis.org/dtd/mybatis-3-mapper.dtd">
<mapper namespace="com.oo.dao.IngredientRequirementMapper">
    <update id="updateById" parameterType="com.oo.pojo.domain.IngredientRequirementDO">
        UPDATE ingredient_requirements
        SET menu_id = #{menuId},
            ingredient_id = #{ingredientId},
            required_quantity = #{requiredQuantity},
            unit = #{unit}
        WHERE requirement_id = #{requirementId}
    </update>

    <insert id="insert" parameterType="com.oo.pojo.domain.IngredientRequirementDO">
        INSERT INTO ingredient_requirements (menu_id, ingredient_id, required_quantity, unit, create_by)
        VALUES (#{menuId}, #{ingredientId}, #{requiredQuantity}, #{unit}, #{createBy})
    </insert>

    <delete id="deleteById" parameterType="int">
        DELETE FROM ingredient_requirements
        WHERE requirement_id = #{requirementId}
    </delete>

    <select id="selectByConfirmationDate" parameterType="java.util.Date" resultType="com.oo.pojo.domain.IngredientRequirementDO">
        SELECT ir.requirement_id, ir.menu_id, ir.ingredient_id, ir.required_quantity, ir.unit, ir.create_by, ir.create_time
        FROM ingredient_requirements ir
        JOIN confirmed_menus cm ON cm.menu_id = ir.menu_id
        WHERE cm.confirmation_date = #{confirmationDate}
    </select>
</mapper>
