<?xml version="1.0" encoding="UTF-8"?>
<!DOCTYPE mapper PUBLIC "-//mybatis.org//DTD Mapper 3.0//EN" "http://mybatis.org/dtd/mybatis-3-mapper.dtd">
<mapper namespace="com.oo.dao.UserMapper">
    
    <select id="selectByUsernameAndPassword" parameterType="java.lang.String" resultType="com.oo.pojo.domain.UserDO">
        SELECT user_id, username, password, email, phone, create_time, update_time
        FROM users
        WHERE username = #{username}
        AND password = #{password}
    </select>

    
    <select id="selectByUsername" parameterType="java.lang.String" resultType="com.oo.pojo.domain.UserDO">
        SELECT user_id, username, password, email, phone, create_time, update_time
        FROM users
        WHERE username = #{username}
    </select>

    
    <insert id="insert" parameterType="com.oo.pojo.domain.UserDO">
        INSERT INTO users (username, password, email, phone)
        VALUES (#{username}, #{password}, #{email}, #{phone})
    </insert>

    
    <update id="updatePassword" parameterType="com.oo.pojo.domain.UserDO">
        UPDATE users
        SET password = #{password}, update_time = CURRENT_TIMESTAMP
        WHERE user_id = #{id}
    </update>
</mapper>
